name,contact,location,source,status,priority,enquiry_date,last_contacted_date,notes
Priya Sharma,priya.sharma@gmail.com,Mumbai,Instagram ad,not_contacted,high,2026-08-18,,Interested in franchise for Andheri West area
Arjun Patel,arjun.patel@yahoo.com,Thane,Google search,contacted,high,2026-08-15,2026-08-16,Wants to know investment details. Has prior business experience.
Sneha Reddy,9876543210,Pune,referral,converted,high,2026-07-20,2026-08-01,Referred by existing franchisee Ravi Kumar. Signed agreement.
Rahul Verma,rahul.v@outlook.com,Mumbai,walk-in,follow_up,medium,2026-08-10,2026-08-12,Visited office. Needs time to discuss with family.
Anita Deshmukh,9123456789,Pune,Facebook ad,not_contacted,high,2026-08-17,,Clicked on our Pune expansion ad
Vikram Singh,vikram.singh@gmail.com,Nagpur,trade show,contacted,medium,2026-08-05,2026-08-07,Met at Franchise India expo. Interested in tier-2 city model.
Meera Nair,meera.nair@hotmail.com,Nashik,website form,not_contacted,medium,2026-08-19,,Submitted enquiry form on website
Karan Mehta,8765432109,Mumbai,referral,contacted,high,2026-08-12,2026-08-14,Referred by Sneha Reddy. Looking for South Mumbai location.
Divya Iyer,divya.iyer@gmail.com,Navi Mumbai,Instagram ad,follow_up,medium,2026-08-08,2026-08-11,Interested but wants to see existing franchise first
Rajesh Kumar,7654321098,Chhatrapati Sambhajinagar,Google search,not_contacted,low,2026-08-16,,Found us while searching for franchise opportunities
Pooja Gupta,pooja.g@gmail.com,Solapur,Facebook ad,contacted,medium,2026-08-03,2026-08-05,Asked about ROI timeline. Sent brochure.
Amit Joshi,amit.joshi@yahoo.com,Pune,walk-in,converted,high,2026-07-15,2026-07-28,Completed all formalities. Opening in September.
Neha Agarwal,9988776655,Mumbai,Instagram ad,not_contacted,high,2026-08-20,,Just enquired today. Very enthusiastic.
Suresh Babu,suresh.b@gmail.com,Nashik,referral,follow_up,high,2026-08-01,2026-08-10,Referred by trade show contact. Wants detailed P&L.
Ritu Kapoor,ritu.kapoor@outlook.com,Amravati,Google search,lost,medium,2026-07-25,2026-08-02,Decided to go with a competitor. Budget constraints.
Manish Tiwari,8877665544,Kolhapur,website form,not_contacted,low,2026-08-14,,Basic enquiry. No details provided.
Kavita Saxena,kavita.s@gmail.com,Nagpur,Instagram ad,contacted,medium,2026-08-09,2026-08-13,Replied to DM. Wants franchise in Mansarovar area.
Sanjay Patil,sanjay.p@yahoo.com,Nagpur,Facebook ad,not_contacted,medium,2026-08-16,,Clicked ad and filled form
Lakshmi Venkatesh,9665544332,Navi Mumbai,walk-in,contacted,high,2026-08-06,2026-08-08,Came to office with full business plan. Very serious.
Deepak Sharma,deepak.sh@gmail.com,Sangli,Google search,follow_up,low,2026-07-28,2026-08-05,Wants more time to arrange capital
Aisha Khan,aisha.khan@hotmail.com,Pune,Instagram ad,not_contacted,high,2026-08-18,,Saw our success story reel. Wants Secunderabad location.
Rohit Chauhan,7788996655,Satara,trade show,contacted,medium,2026-08-04,2026-08-06,Met at Maharashtra Business Summit. Has retail experience.
Swati Mishra,swati.m@gmail.com,Nanded,referral,not_contacted,medium,2026-08-15,,Referred by Deepak Sharma
Nikhil Rao,nikhil.rao@yahoo.com,Navi Mumbai,website form,lost,low,2026-07-10,2026-07-20,No response after initial call. Marked as lost.
Parul Bhatt,9554433221,Thane,Instagram ad,contacted,high,2026-08-11,2026-08-15,Very interested. Requesting territory exclusivity for SG Highway.
Vivek Malhotra,vivek.m@outlook.com,Mumbai,Google search,follow_up,high,2026-08-02,2026-08-12,Has 3 existing businesses. Wants master franchise rights.
Jyoti Kulkarni,jyoti.k@gmail.com,Pune,walk-in,not_contacted,medium,2026-08-17,,Dropped in without appointment. Left contact details.
Ashish Pandey,8899001122,Latur,Facebook ad,not_contacted,low,2026-08-13,,
Rekha Srinivasan,rekha.s@hotmail.com,Jalgaon,referral,contacted,medium,2026-08-07,2026-08-09,Referred by Chennai franchisee. Wants Maharashtra expansion.
Gaurav Tandon,gaurav.t@gmail.com,Akola,Instagram ad,follow_up,high,2026-08-05,2026-08-14,Noida Sector 62. Ready to invest. Needs legal docs.
Sunita Pillai,9443322110,Ratnagiri,website form,not_contacted,medium,2026-08-19,,Submitted form with detailed questions about training support
Manoj Dubey,manoj.d@yahoo.com,Chhatrapati Sambhajinagar,walk-in,contacted,low,2026-07-30,2026-08-03,Wants low-investment franchise option
Pallavi Jain,pallavi.j@gmail.com,Mumbai,referral,converted,high,2026-07-18,2026-07-30,Signed up for Powai location. Grand opening planned for October.
Abhishek Ghosh,8811223344,Solapur,Google search,not_contacted,medium,2026-08-14,,Looking for Salt Lake City area franchise
Tanya Bhatia,tanya.b@outlook.com,Amravati,Instagram ad,contacted,medium,2026-08-10,2026-08-16,Responded to story ad. Wants Mohali location.
Rajendra Prasad,9332211440,Ahmednagar,trade show,not_contacted,low,2026-08-08,,Met briefly at Maharashtra trade show. Took brochure.
Shruti Goyal,shruti.g@gmail.com,Mumbai,Facebook ad,follow_up,medium,2026-08-06,2026-08-13,Interested in South Delhi. Discussing with partner.
Prakash Hegde,prakash.h@yahoo.com,Dhule,website form,not_contacted,low,2026-08-18,,Short enquiry. Wants call back.
Nandini Rao,nandini.r@hotmail.com,Navi Mumbai,Instagram ad,contacted,high,2026-08-09,2026-08-15,Wants Whitefield location. Has seen our Koramangala outlet.
Siddharth Jha,7766554433,Latur,referral,not_contacted,medium,2026-08-12,,Referred by colleague. Interested but cautious.
Aditi Saxena,aditi.s@gmail.com,Mumbai,Google search,converted,high,2026-07-22,2026-08-05,Fast conversion. Gurgaon Sector 48 location finalized.
Hemant Khurana,hemant.k@outlook.com,Mumbai,walk-in,contacted,medium,2026-08-01,2026-08-04,Maharashtra market expert. Wants multiple locations eventually.
Chitra Menon,9221100998,Chandrapur,Facebook ad,not_contacted,medium,2026-08-15,,Saw our Maharashtra launch ad
Varun Kapoor,varun.kap@gmail.com,Mumbai,trade show,follow_up,high,2026-08-03,2026-08-12,Met at Mumbai Franchise Expo. Very strong lead.
Shikha Agarwal,shikha.a@yahoo.com,Yavatmal,Instagram ad,not_contacted,low,2026-08-17,,Casual enquiry via Instagram DM
Anil Mathur,8655443322,Nagpur,referral,contacted,high,2026-08-07,2026-08-11,Referred by Kavita Saxena. Family has real estate contacts.
Sapna Choudhary,sapna.c@gmail.com,Mumbai,website form,not_contacted,medium,2026-08-16,,Detailed enquiry about franchise fee structure
Ravi Shankar,ravi.sh@hotmail.com,Nashik,Google search,contacted,low,2026-07-25,2026-07-30,Initial interest but budget is very tight
Preeti Malhotra,9887766554,Mumbai,Instagram ad,follow_up,high,2026-08-04,2026-08-15,Bandra West location. Interior designer by profession. Wants premium franchise.
Kunal Desai,kunal.d@gmail.com,Satara,Facebook ad,not_contacted,medium,2026-08-13,,Maharashtra market enquiry
Bhavana Kulkarni,bhavana.k@yahoo.com,Pune,walk-in,contacted,high,2026-08-11,2026-08-14,Came with location options for Hinjewadi
Dinesh Awasthi,7544332211,Chhatrapati Sambhajinagar,Google search,lost,low,2026-07-12,2026-07-18,Lost interest. Found the investment too high.
Smita Desai,smita.d@gmail.com,Nashik,referral,not_contacted,medium,2026-08-18,,Referred by Pune team
Ajay Thakur,ajay.t@outlook.com,Sindhudurg,Instagram ad,contacted,low,2026-08-08,2026-08-12,Interested in hill station franchise model
Priyanka Singh,8433221100,Nanded,website form,not_contacted,medium,2026-08-19,,Wants to know about training and support program
Mohit Rastogi,mohit.r@gmail.com,Beed,trade show,not_contacted,low,2026-08-06,,Collected materials at Maharashtra trade show
Renuka Sharma,renuka.s@yahoo.com,Nagpur,Facebook ad,follow_up,medium,2026-08-05,2026-08-10,Second-time enquiry. Previously contacted in March.
Harish Iyer,9766554433,Mumbai,walk-in,contacted,high,2026-08-13,2026-08-16,Navi Mumbai location. Ready to invest within 30 days.
Tanvi Deshpande,tanvi.d@hotmail.com,Nagpur,referral,not_contacted,medium,2026-08-14,,Referred by Sanjay Patil
Saurabh Gupta,8322110099,Mumbai,Google search,follow_up,high,2026-08-01,2026-08-08,Dwarka location. Experienced entrepreneur.
Madhuri Nene,madhuri.n@gmail.com,Solapur,Instagram ad,not_contacted,medium,2026-08-17,,Park Street location interest
Vinay Kumar,vinay.k@yahoo.com,Navi Mumbai,Facebook ad,contacted,medium,2026-08-09,2026-08-14,Electronic City area. IT professional looking for side business.
Anjali Bhargava,7211009988,Kolhapur,walk-in,not_contacted,low,2026-08-11,,Quick visit. Didn't leave many details.
Ramesh Yadav,ramesh.y@gmail.com,Mumbai,referral,converted,high,2026-07-05,2026-07-25,Cyber City location secured. Fourth franchise in our network.
Namrata Joshi,namrata.j@outlook.com,Pune,Instagram ad,contacted,high,2026-08-10,2026-08-17,Kothrud area. Has successful cafe franchise already.
Arun Pillai,9655443322,Ratnagiri,Google search,not_contacted,medium,2026-08-15,,Marine Drive area interest
Kirti Patel,kirti.p@gmail.com,Thane,trade show,follow_up,medium,2026-08-02,2026-08-09,Met at Ahmedabad startup expo. Interior design background.
Neeraj Chandra,neeraj.c@yahoo.com,Akola,website form,not_contacted,high,2026-08-19,,Noida Expressway. Commercial space already available.
Padma Lakshmi,8544332211,Jalgaon,Facebook ad,contacted,low,2026-08-07,2026-08-11,Small budget enquiry
Tarun Khanna,tarun.k@hotmail.com,Mumbai,Instagram ad,follow_up,high,2026-08-06,2026-08-16,Connaught Place area. Corporate background. Very promising.
Radha Krishna,radha.k@gmail.com,Parbhani,referral,not_contacted,medium,2026-08-14,,Referred by Hyderabad franchisee
Nitin Bansal,7099887766,Amravati,Google search,contacted,medium,2026-08-03,2026-08-06,IT Park Phase 1. Moderate interest.
Uma Maheshwari,uma.m@yahoo.com,Gondia,walk-in,not_contacted,low,2026-08-12,,Walked in during Maharashtra tour
Sachin Tendulkar,sachin.t@outlook.com,Mumbai,website form,contacted,high,2026-08-08,2026-08-13,Lower Parel area. Has food industry experience.
Geeta Rani,9433221100,Latur,Instagram ad,not_contacted,low,2026-08-16,,Basic enquiry from Instagram story
Vikrant Mishra,vikrant.m@gmail.com,Sangli,referral,follow_up,medium,2026-08-04,2026-08-10,Referred by Bhopal contact. Palasia area.
Rashmi Prabhu,rashmi.p@hotmail.com,Nanded,Facebook ad,not_contacted,medium,2026-08-18,,Coastal Karnataka expansion interest
Sunil Gavaskar,8211009988,Pune,trade show,contacted,high,2026-08-09,2026-08-15,Met at Maharashtra Franchise Expo. Wants multiple outlets.
Archana Reddy,archana.r@gmail.com,Pune,Google search,not_contacted,high,2026-08-20,,Just submitted enquiry. Gachibowli IT Hub area.
Deepika Chauhan,7988776655,Nagpur,Instagram ad,contacted,medium,2026-08-07,2026-08-12,Malviya Nagar area. Young entrepreneur.
Pankaj Udhas,pankaj.u@yahoo.com,Thane,walk-in,lost,medium,2026-07-20,2026-08-01,Changed plans due to personal reasons.
Ananya Banerjee,ananya.b@gmail.com,Solapur,referral,contacted,high,2026-08-11,2026-08-17,Salt Lake area. Referred by family friend who is franchisee.
Vijay Mallya,9122334455,Navi Mumbai,Facebook ad,not_contacted,low,2026-08-13,,Generic enquiry
Mithun Chakraborty,mithun.c@outlook.com,Solapur,website form,follow_up,medium,2026-08-05,2026-08-09,New Town location. Wants detailed cost breakdown.
Urvashi Dholakia,8877665544,Mumbai,Google search,contacted,medium,2026-08-10,2026-08-14,Thane area. Comparing with other franchise brands.
Shalini Awasthi,shalini.a@gmail.com,Chhatrapati Sambhajinagar,Instagram ad,not_contacted,high,2026-08-17,,Gomti Nagar area. Strong social media presence.
Rajat Tokas,7766553322,Sindhudurg,referral,not_contacted,low,2026-08-09,,Referred by Ajay Thakur
Meenakshi Sundaram,meena.s@yahoo.com,Solapur,walk-in,contacted,low,2026-08-01,2026-08-05,Tier-3 city interest. Lower investment capacity.
Gaurang Shah,gaurang.s@hotmail.com,Thane,trade show,follow_up,medium,2026-08-03,2026-08-08,Gujarat trade show lead. Interested in Alkapuri area.
Jaya Prada,jaya.p@gmail.com,Pune,Instagram ad,contacted,high,2026-08-12,2026-08-18,Jubilee Hills premium location. Very strong prospect.
Karthik Subramanian,9544332211,Nashik,Google search,not_contacted,medium,2026-08-16,,OMR IT corridor interest
Babita Kumari,babita.k@yahoo.com,Ahmednagar,Facebook ad,not_contacted,low,2026-08-14,,Casual enquiry
Harsh Vardhan,harsh.v@gmail.com,Mumbai,website form,contacted,high,2026-08-08,2026-08-15,Saket area. Former franchise owner with another brand.
Sonali Bendre,sonali.b@outlook.com,Mumbai,referral,follow_up,high,2026-08-02,2026-08-12,Juhu area. Celebrity connections. Premium location potential.
Tushar Kapoor,8433221155,Mumbai,walk-in,not_contacted,medium,2026-08-15,,DLF Phase 4. Corporate meeting scheduled.
Isha Koppikar,isha.k@gmail.com,Pune,Instagram ad,contacted,medium,2026-08-09,2026-08-14,Koregaon Park. Young professional.
Ravi Teja,ravi.t@yahoo.com,Parbhani,Google search,not_contacted,low,2026-08-11,,Beach Road area
Mukesh Rishi,mukesh.r@hotmail.com,Amravati,trade show,contacted,medium,2026-08-04,2026-08-07,Maharashtra Franchise Expo lead
Seema Biswas,seema.b@gmail.com,Solapur,Facebook ad,not_contacted,medium,2026-08-18,,Howrah area interest
Naveen Andrews,naveen.a@outlook.com,Navi Mumbai,referral,follow_up,high,2026-08-06,2026-08-13,HSR Layout. Tech entrepreneur diversifying portfolio.
Hema Malini,9322110088,Nagpur,website form,contacted,low,2026-08-03,2026-08-06,Basic enquiry. Following up.
Farhan Akhtar,farhan.a@gmail.com,Mumbai,Instagram ad,not_contacted,high,2026-08-19,,Worli area. Premium location. Urgent follow-up needed.
Shilpa Shetty,shilpa.s@yahoo.com,Navi Mumbai,walk-in,converted,high,2026-07-10,2026-07-28,Indiranagar flagship location. Grand opening done.
Arshad Warsi,7655443322,Mumbai,Google search,contacted,medium,2026-08-07,2026-08-11,Karol Bagh area. Family business transition.
Lara Dutta,lara.d@hotmail.com,Ratnagiri,Facebook ad,not_contacted,medium,2026-08-15,,Panaji tourist area franchise interest
Boman Irani,boman.i@gmail.com,Mumbai,referral,follow_up,high,2026-08-05,2026-08-14,BKC premium location. Known in business circles.
Ayesha Takia,ayesha.t@outlook.com,Pune,trade show,not_contacted,medium,2026-08-10,,Banjara Hills area
Dia Mirza,dia.m@gmail.com,Navi Mumbai,Instagram ad,contacted,high,2026-08-14,2026-08-18,MG Road flagship interest. Strong brand alignment.
Chunky Pandey,8544332200,Mumbai,website form,not_contacted,low,2026-08-13,,Suburban Mumbai. Basic enquiry.
Sushmita Sen,sushmita.s@yahoo.com,Mumbai,referral,contacted,high,2026-08-09,2026-08-16,Khan Market area. Premium retail experience.
Karisma Kapoor,karisma.k@hotmail.com,Mumbai,Google search,follow_up,medium,2026-08-06,2026-08-11,Bandra East. Has restaurant experience.
Raveena Tandon,9211009977,Pune,Instagram ad,not_contacted,medium,2026-08-20,,Viman Nagar area. Just submitted today.
Saif Ali Khan,saif.k@gmail.com,Chhatrapati Sambhajinagar,walk-in,contacted,high,2026-08-11,2026-08-17,Hazratganj location. Old money. Serious investor.
Preity Zinta,preity.z@outlook.com,Satara,Facebook ad,not_contacted,low,2026-08-08,,Hill station franchise model enquiry
Akshay Kumar,akshay.k@yahoo.com,Mumbai,trade show,follow_up,high,2026-08-01,2026-08-10,Multiple location interest across North India
Madhavan Nair,madhavan.n@gmail.com,Ratnagiri,Google search,not_contacted,medium,2026-08-14,,Edappally Junction area
Zeenat Aman,zeenat.a@hotmail.com,Mumbai,referral,contacted,medium,2026-08-10,2026-08-15,Colaba area. Fashion industry background.
Pooja Bedi,pooja.b@gmail.com,Ratnagiri,Instagram ad,not_contacted,low,2026-08-17,,Calangute tourist hub interest
